Dataset,Accuracy
Train,0.5619384699156004
Test,0.5102040816326531
